,Building ID,Brand,Shopping Center Address,City,State / Prov,Postal Code,Latitude,Longitude,name,address,request_url,url,closed_indicator,website,rating,num_reviews,price,type,description,activity,operations,hours,menu_link,phone,online_ordering_platforms,events,other_platform_ratings,top_review_comments,self_description,time_of_scrape
43,101260,CVS,Cloverdale Ave. & Miller St.,Winston-Salem,NC,27103,36.091031,-80.275314,CVS,"2221 Cloverdale Ave, Winston-Salem, NC 27103",https://www.google.com/search?hl=en&q=cvs+cloverdale%2Bave.%2B%26%2Bmiller%2Bst.&sourceid=chrome&ie=UTF-8,https://www.google.com/search?hl=en&q=cvs+cloverdale%2Bave.%2B%26%2Bmiller%2Bst.&sourceid=chrome&ie=UTF-8,,https://www.cvs.com/store-locator/cvs-pharmacy-address/2221+Cloverdale+Avenue-Winston+Salem-NC-27103/storeid=3511?WT.mc_id=LS_GOOGLE_FS_3511,3.3,29,,Drug store,"Drugstore chain selling a variety of beauty & health products, plus some grocery & household items.","[[[6, [0, 0, 12, 26, 43, 52, 54, 60, 70, 69, 59, 49, 32, 14, 0, 0, 0, 0]], [6, [0, 0, 21, 36, 47, 56, 69, 87, 100, 98, 88, 78, 69, 56, 40, 25, 14, 7]], [6, [0, 0, 21, 40, 59, 66, 61, 57, 64, 80, 90, 83, 63, 40, 25, 16, 9, 5]], [6, [0, 0, 15, 30, 52, 73, 84, 83, 76, 70, 67, 64, 59, 46, 30, 18, 8, 4]], [6, [0, 0, 25, 45, 56, 57, 61, 70, 70, 70, 80, 88, 85, 69, 43, 23, 9, 2]], [6, [0, 0, 21, 40, 61, 77, 80, 77, 73, 71, 73, 69, 60, 47, 32, 21, 11, 5]], [6, [0, 0, 22, 40, 59, 70, 74, 78, 85, 88, 78, 66, 57, 46, 28, 12, 2, 0]]]]",,"{'Wednesday': '8AM–12AM', 'Thursday': '8AM–12AM', 'Friday': '8AM–12AM', 'Saturday': '8AM–12AM', 'Sunday': '8AM–8PM', 'Monday': '8AM–12AM', 'Tuesday': '8AM–12AM'}",,(336) 724-7491,,,,,,2020-07-22 19:17:12.254095
44,110390,CVS,Old Keen Mill Rd. & Lee Chapel Rd.,Burke,VA,22015,38.777992,-77.274537,CVS,"9582 Old Keene Mill Rd, Burke, VA 22015",https://www.google.com/search?hl=en&q=cvs+old%2Bkeen%2Bmill%2Brd.%2B%26%2Blee%2Bchapel%2Brd.&sourceid=chrome&ie=UTF-8,https://www.google.com/search?hl=en&q=cvs+old%2Bkeen%2Bmill%2Brd.%2B%26%2Blee%2Bchapel%2Brd.&sourceid=chrome&ie=UTF-8,,https://www.cvs.com/store-locator/cvs-pharmacy-address/9582+Old+Keene+Mill+Road-Burke-VA-22015/storeid=1390?WT.mc_id=LS_GOOGLE_FS_1390,2.7,15,,Drug store,"Drugstore chain selling a variety of beauty & health products, plus some grocery & household items.","[[[6, [0, 0, 8, 25, 50, 73, 81, 72, 65, 72, 77, 65, 38, 15, 4, 1, 0, 0]], [6, [0, 0, 8, 20, 37, 54, 66, 66, 63, 69, 76, 69, 58, 41, 19, 4, 0, 0]], [6, [0, 0, 8, 23, 47, 75, 95, 97, 83, 69, 69, 75, 70, 51, 26, 9, 0, 0]], [6, [0, 0, 13, 27, 45, 63, 73, 70, 65, 66, 79, 90, 83, 59, 31, 12, 0, 0]], [6, [0, 0, 4, 22, 54, 68, 61, 66, 87, 95, 79, 54, 48, 50, 27, 5, 0, 0]], [6, [0, 0, 19, 45, 79, 100, 95, 75, 61, 66, 81, 87, 76, 52, 29, 12, 0, 0]], [6, [0, 0, 18, 33, 44, 54, 70, 91, 100, 91, 80, 68, 51, 31, 15, 6, 0, 0]]]]",,"{'Wednesday': '8AM–10PM', 'Thursday': '8AM–10PM', 'Friday': '8AM–10PM', 'Saturday': '8AM–10PM', 'Sunday': '8AM–10PM', 'Monday': '8AM–10PM', 'Tuesday': '8AM–10PM'}",,(703) 451-1595,,,,,,2020-07-22 19:17:12.761243
45,114160,CVS,McBean Pkwy. & Arroyo Park Dr.,Valencia,CA,91355,34.403946999999995,-118.55141,CVS,"25880 McBean Pkwy, Valencia, CA 91355",https://www.google.com/search?hl=en&q=cvs+mcbean%2Bpkwy.%2B%26%2Barroyo%2Bpark%2Bdr.&sourceid=chrome&ie=UTF-8,https://www.google.com/search?hl=en&q=cvs+mcbean%2Bpkwy.%2B%26%2Barroyo%2Bpark%2Bdr.&sourceid=chrome&ie=UTF-8,,https://www.cvs.com/store-locator/cvs-pharmacy-address/25880+Mcbean+Parkway-Valencia-CA-91355/storeid=9858?WT.mc_id=LS_GOOGLE_FS_9858,4.1,24,,Drug store,"Drugstore chain selling a variety of beauty & health products, plus some grocery & household items.","[[[6, [0, 2, 7, 18, 34, 51, 63, 68, 67, 64, 57, 44, 27, 13, 5, 1, 0, 0]], [6, [0, 7, 19, 39, 59, 74, 77, 74, 73, 76, 78, 72, 56, 37, 20, 8, 0, 0]], [6, [0, 10, 23, 44, 68, 87, 96, 94, 88, 81, 74, 63, 49, 32, 17, 8, 0, 0]], [6, [0, 6, 16, 33, 55, 75, 86, 87, 84, 86, 88, 79, 62, 45, 28, 11, 0, 0]], [6, [0, 10, 20, 35, 53, 71, 82, 84, 79, 73, 77, 84, 78, 54, 26, 8, 0, 0]], [6, [0, 21, 37, 56, 77, 92, 100, 97, 89, 83, 82, 80, 69, 49, 26, 10, 0, 0]], [6, [0, 5, 16, 36, 60, 82, 93, 92, 86, 80, 75, 66, 51, 35, 20, 9, 0, 0]]]]",,"{'Wednesday': '7AM–10PM', 'Thursday': '7AM–10PM', 'Friday': '7AM–10PM', 'Saturday': '7AM–10PM', 'Sunday': '7AM–10PM', 'Monday': '7AM–10PM', 'Tuesday': '7AM–10PM'}",,(661) 254-3766,,,,,,2020-07-22 19:17:13.132872
46,101330,CVS,E. 10th St. & Linwood Ave.,Indianapolis,IN,46201,39.780221999999995,-86.094207,CVS,"4401 E 10th St, Indianapolis, IN 46201",https://www.google.com/search?hl=en&q=cvs+e.%2B10th%2Bst.%2B%26%2Blinwood%2Bave.&sourceid=chrome&ie=UTF-8,https://www.google.com/search?hl=en&q=cvs+e.%2B10th%2Bst.%2B%26%2Blinwood%2Bave.&sourceid=chrome&ie=UTF-8,,https://www.cvs.com/store-locator/cvs-pharmacy-address/4401+East+10th+Street-Indianapolis-IN-46201/storeid=6613?WT.mc_id=LS_GOOGLE_FS_6613,3.5,26,,Drug store,"Drugstore chain selling a variety of beauty & health products, plus some grocery & household items.","[[[6, [0, 0, 0, 17, 42, 71, 86, 87, 84, 77, 66, 55, 39, 20, 5, 0, 0, 0]], [6, [0, 0, 0, 27, 40, 51, 57, 60, 64, 76, 87, 83, 61, 34, 14, 0, 0, 0]], [6, [0, 0, 0, 30, 48, 52, 60, 77, 72, 62, 82, 95, 65, 25, 5, 0, 0, 0]], [6, [0, 0, 0, 33, 49, 57, 56, 51, 59, 75, 79, 77, 66, 38, 11, 0, 0, 0]], [6, [0, 0, 0, 22, 40, 48, 65, 81, 68, 71, 97, 100, 68, 29, 8, 0, 0, 0]], [6, [0, 0, 0, 31, 54, 76, 85, 80, 72, 76, 90, 93, 73, 41, 16, 0, 0, 0]], [6, [0, 0, 0, 24, 50, 75, 84, 78, 80, 93, 100, 84, 53, 24, 8, 0, 0, 0]]]]",,"{'Wednesday': '9AM–9PM', 'Thursday': '9AM–9PM', 'Friday': '9AM–9PM', 'Saturday': '9AM–9PM', 'Sunday': '9AM–9PM', 'Monday': '9AM–9PM', 'Tuesday': '9AM–9PM'}",,(317) 353-2178,,,,,,2020-07-22 19:17:13.389162
47,116030,CVS,Vista Blvd. & N. D'Andrea Pkwy.,Sparks,NV,89434,39.556628,-119.70426,CVS,"2878 Vista Blvd, Sparks, NV 89434",https://www.google.com/search?hl=en&q=cvs+vista%2Bblvd.%2B%26%2Bn.%2Bd%27andrea%2Bpkwy.&sourceid=chrome&ie=UTF-8,https://www.google.com/search?hl=en&q=cvs+vista%2Bblvd.%2B%26%2Bn.%2Bd%27andrea%2Bpkwy.&sourceid=chrome&ie=UTF-8,,https://www.cvs.com/store-locator/cvs-pharmacy-address/2878+Vista+Boulevard-Sparks-NV-89434/storeid=3948?WT.mc_id=LS_GOOGLE_FS_3948,2.5,26,,Drug store,"Drugstore chain selling a variety of beauty & health products, plus some grocery & household items.","[[[6, [0, 0, 3, 17, 37, 46, 48, 59, 66, 57, 47, 38, 23, 8, 1, 0, 0, 0]], [6, [0, 0, 12, 29, 49, 59, 54, 47, 64, 94, 93, 76, 51, 16, 2, 0, 0, 0]], [6, [0, 0, 8, 24, 47, 70, 79, 70, 59, 71, 97, 100, 64, 24, 4, 0, 0, 0]], [6, [0, 0, 9, 25, 49, 67, 69, 60, 62, 80, 87, 82, 76, 39, 6, 0, 0, 0]], [6, [0, 0, 15, 43, 60, 49, 38, 49, 61, 66, 82, 91, 63, 24, 4, 0, 0, 0]], [6, [0, 0, 6, 35, 62, 53, 65, 95, 90, 76, 80, 82, 66, 40, 18, 0, 0, 0]], [6, [0, 0, 7, 20, 42, 64, 77, 79, 78, 81, 82, 73, 53, 30, 13, 0, 0, 0]]]]",,"{'Wednesday': '8AM–9PM', 'Thursday': '8AM–9PM', 'Friday': '8AM–9PM', 'Saturday': '8AM–9PM', 'Sunday': '8AM–9PM', 'Monday': '8AM–9PM', 'Tuesday': '8AM–9PM'}",,(775) 356-9708,,,,,,2020-07-22 19:17:13.439647
48,114210,CVS,Rosecrans St. & Midway Dr.,San Diego,CA,92110,32.747968,-117.20559399999999,CVS,"3327 Rosecrans Street Rosecrans And, Midway Dr, San Diego, CA 92110",https://www.google.com/search?hl=en&q=cvs+rosecrans%2Bst.%2B%26%2Bmidway%2Bdr.&sourceid=chrome&ie=UTF-8,https://www.google.com/search?hl=en&q=cvs+rosecrans%2Bst.%2B%26%2Bmidway%2Bdr.&sourceid=chrome&ie=UTF-8,,https://www.cvs.com/store-locator/cvs-pharmacy-address/3327+Rosecrans+Street+Rosecrans+And+Midway+Drive-San+Diego-CA-92110/storeid=9165?WT.mc_id=LS_GOOGLE_FS_9165,3.0,20,,Drug store,"Drugstore chain selling a variety of beauty & health products, plus some grocery & household items.","[[[6, [0, 6, 16, 33, 56, 77, 83, 75, 59, 50, 48, 50, 45, 32, 17, 8, 0, 0]], [6, [0, 14, 33, 59, 82, 88, 79, 66, 62, 67, 69, 61, 43, 24, 11, 4, 0, 0]], [6, [0, 11, 30, 54, 69, 61, 48, 48, 62, 80, 88, 82, 66, 45, 25, 12, 0, 0]], [6, [0, 11, 29, 54, 82, 100, 100, 85, 69, 59, 56, 50, 38, 37, 35, 9, 0, 0]], [6, [0, 14, 30, 53, 74, 87, 85, 80, 80, 91, 96, 82, 51, 25, 11, 3, 0, 0]], [6, [0, 29, 43, 51, 64, 83, 98, 100, 91, 85, 90, 95, 87, 61, 32, 12, 0, 0]], [6, [0, 27, 51, 70, 82, 93, 96, 95, 88, 83, 75, 66, 51, 37, 24, 14, 0, 0]]]]",,"{'Wednesday': '7AM–10PM', 'Thursday': '7AM–10PM', 'Friday': '7AM–10PM', 'Saturday': '7AM–10PM', 'Sunday': '7AM–10PM', 'Monday': '7AM–10PM', 'Tuesday': '7AM–10PM'}",,(619) 225-9691,,,,,,2020-07-22 19:17:13.532828
49,114420,CVS,Fremont Blvd. & Tamoyo St.,Fremont,CA,94536,37.567536,-122.02431399999999,CVS,"35720 Fremont Blvd, Fremont, CA 94536",https://www.google.com/search?hl=en&q=cvs+fremont%2Bblvd.%2B%26%2Btamoyo%2Bst.&sourceid=chrome&ie=UTF-8,https://www.google.com/search?hl=en&q=cvs+fremont%2Bblvd.%2B%26%2Btamoyo%2Bst.&sourceid=chrome&ie=UTF-8,,https://www.cvs.com/store-locator/cvs-pharmacy-address/35720+Fremont+Boulevard-Fremont-CA-94536/storeid=9600?WT.mc_id=LS_GOOGLE_FS_9600,2.5,43,,Drug store,"Drugstore chain selling a variety of beauty & health products, plus some grocery & household items.","[[[6, [0, 0, 3, 22, 49, 47, 53, 71, 84, 84, 75, 58, 41, 26, 15, 8, 0, 0]], [6, [0, 0, 11, 30, 46, 54, 64, 68, 62, 64, 73, 74, 60, 38, 18, 7, 0, 0]], [6, [0, 0, 10, 32, 60, 71, 61, 53, 63, 81, 90, 83, 62, 37, 18, 7, 0, 0]], [6, [0, 0, 17, 36, 56, 66, 64, 60, 66, 80, 89, 83, 62, 38, 18, 7, 0, 0]], [6, [0, 0, 7, 18, 35, 50, 58, 61, 71, 88, 100, 92, 66, 36, 15, 5, 0, 0]], [6, [0, 0, 19, 41, 65, 80, 79, 71, 73, 84, 95, 88, 65, 37, 16, 5, 0, 0]], [6, [0, 0, 10, 26, 51, 78, 92, 86, 73, 71, 77, 67, 47, 37, 27, 10, 0, 0]]]]",,"{'Wednesday': '8AM–10PM', 'Thursday': '8AM–10PM', 'Friday': '8AM–10PM', 'Saturday': '8AM–10PM', 'Sunday': '8AM–10PM', 'Monday': '8AM–10PM', 'Tuesday': '8AM–10PM'}",,(510) 792-4867,,,,,,2020-07-22 19:17:13.545494
50,105510,CVS,Rosecrans Ave. & La Mirada Blvd.,La Mirada,CA,90638,33.8973,-118.0069,CVS,"15210 East Rosecrans Ave, La Mirada, CA 90638",https://www.google.com/search?hl=en&q=cvs+rosecrans%2Bave.%2B%26%2Bla%2Bmirada%2Bblvd.&sourceid=chrome&ie=UTF-8,https://www.google.com/search?hl=en&q=cvs+rosecrans%2Bave.%2B%26%2Bla%2Bmirada%2Bblvd.&sourceid=chrome&ie=UTF-8,,https://www.cvs.com/store-locator/cvs-pharmacy-address/15210+East+Rosecrans+Avenue-La+Mirada-CA-90638/storeid=9740?WT.mc_id=LS_GOOGLE_FS_9740,4.0,29,,Drug store,"Drugstore chain selling a variety of beauty & health products, plus some grocery & household items.","[[[4, [0, 1, 2, 6, 14, 25, 40, 55, 67, 73, 69, 62, 55, 52, 52, 48, 36, 21, 9, 2, 1, 0, 0, 0]], [4, [0, 3, 8, 16, 27, 39, 50, 56, 59, 65, 85, 100, 84, 62, 52, 49, 39, 26, 14, 5, 1, 1, 1, 0]], [4, [1, 1, 5, 11, 21, 32, 42, 49, 53, 58, 68, 82, 93, 93, 81, 60, 39, 22, 11, 6, 3, 1, 0, 1]], [4, [0, 4, 8, 14, 22, 32, 42, 53, 62, 67, 71, 73, 73, 73, 69, 60, 47, 33, 20, 10, 4, 1, 0, 0]], [4, [1, 1, 5, 12, 23, 37, 51, 61, 66, 67, 66, 67, 72, 78, 80, 72, 55, 35, 18, 8, 3, 0, 1, 1]], [4, [1, 1, 4, 11, 22, 39, 56, 73, 83, 86, 86, 87, 90, 92, 88, 75, 55, 35, 18, 7, 2, 1, 1, 1]], [4, [1, 1, 4, 11, 23, 41, 61, 79, 90, 92, 87, 82, 80, 81, 79, 69, 51, 32, 16, 6, 1, 1, 1, 1]]]]",,{},,(714) 228-0204,,,,,,2020-07-22 19:17:13.730110
51,115920,CVS,N. Broadway & Market St.,Jericho,NY,11753,40.788743,-73.534903,CVS,"1830 N Broadway, Santa Maria, CA 93454",https://www.google.com/search?hl=en&q=cvs+n.%2Bbroadway%2B%26%2Bmarket%2Bst.&sourceid=chrome&ie=UTF-8,https://www.google.com/search?hl=en&q=cvs+n.%2Bbroadway%2B%26%2Bmarket%2Bst.&sourceid=chrome&ie=UTF-8,,https://www.cvs.com/store-locator/cvs-pharmacy-address/1830+North+Broadway-Santa+Maria-CA-93454/storeid=9750?WT.mc_id=LS_GOOGLE_FS_9750,3.4,21,,Drug store,"Drugstore chain selling a variety of beauty & health products, plus some grocery & household items.","[[[6, [0, 0, 18, 33, 52, 70, 83, 88, 88, 86, 82, 75, 60, 40, 21, 9, 0, 0]], [6, [0, 0, 11, 30, 38, 40, 47, 49, 47, 53, 68, 83, 82, 64, 39, 18, 0, 0]], [6, [0, 0, 8, 21, 37, 52, 59, 62, 67, 72, 69, 64, 81, 89, 49, 11, 0, 0]], [6, [0, 0, 11, 31, 56, 71, 72, 68, 65, 62, 61, 68, 76, 67, 42, 17, 0, 0]], [6, [0, 0, 16, 32, 49, 56, 56, 58, 64, 63, 56, 67, 88, 80, 40, 11, 0, 0]], [6, [0, 0, 17, 34, 50, 59, 62, 64, 63, 59, 63, 84, 100, 79, 37, 10, 0, 0]], [6, [0, 0, 7, 17, 31, 51, 71, 87, 93, 89, 82, 84, 93, 81, 45, 15, 0, 0]]]]",,"{'Wednesday': '8AM–10PM', 'Thursday': '8AM–10PM', 'Friday': '8AM–10PM', 'Saturday': '8AM–10PM', 'Sunday': '8AM–10PM', 'Monday': '8AM–10PM', 'Tuesday': '8AM–10PM'}",,(805) 348-3555,,,,,,2020-07-22 19:17:14.047662
53,117280,CVS,Linden St. & Main St.,Waltham,MA,2452,42.37828,-71.22384100000001,CVS,"188 Linden St, Wellesley, MA 02482",https://www.google.com/search?hl=en&q=cvs+linden%2Bst.%2B%26%2Bmain%2Bst.&sourceid=chrome&ie=UTF-8,https://www.google.com/search?hl=en&q=cvs+linden%2Bst.%2B%26%2Bmain%2Bst.&sourceid=chrome&ie=UTF-8,,https://www.cvs.com/store-locator/cvs-pharmacy-address/188+Linden+Street-Wellesley-MA-02482/storeid=8437?WT.mc_id=LS_GOOGLE_FS_8437,3.6,14,,Drug store,"Drugstore chain selling a variety of beauty & health products, plus some grocery & household items.","[[[6, [0, 6, 22, 44, 52, 39, 28, 33, 44, 54, 55, 48, 35, 21, 10, 0, 0, 0]], [6, [0, 8, 20, 39, 54, 52, 40, 31, 40, 63, 72, 58, 32, 18, 32, 6, 0, 0]], [6, [0, 10, 29, 54, 70, 77, 77, 67, 55, 52, 58, 59, 50, 33, 17, 6, 0, 0]], [6, [0, 4, 13, 28, 39, 44, 54, 64, 64, 50, 32, 40, 72, 59, 17, 1, 0, 0]], [6, [0, 2, 16, 43, 62, 59, 56, 62, 66, 63, 60, 54, 43, 29, 16, 8, 0, 0]], [6, [0, 10, 20, 35, 52, 71, 89, 100, 100, 90, 74, 55, 36, 22, 12, 0, 0, 0]], [6, [0, 13, 24, 37, 50, 58, 59, 56, 56, 62, 68, 67, 54, 33, 16, 5, 0, 0]]]]",,"{'Wednesday': '7AM–10PM', 'Thursday': '7AM–10PM', 'Friday': '7AM–10PM', 'Saturday': '7AM–10PM', 'Sunday': '7AM–10PM', 'Monday': '7AM–10PM', 'Tuesday': '7AM–10PM'}",,(781) 235-0219,,,,,,2020-07-22 19:17:14.384715
54,116660,CVS,W. Bell Rd. & N. Webb Blvd.,Sun City,AZ,85373,33.63848,-112.291265,CVS,"10720 W Bell Rd, Sun City, AZ 85351",https://www.google.com/search?hl=en&q=cvs+w.%2Bbell%2Brd.%2B%26%2Bn.%2Bwebb%2Bblvd.&sourceid=chrome&ie=UTF-8,https://www.google.com/search?hl=en&q=cvs+w.%2Bbell%2Brd.%2B%26%2Bn.%2Bwebb%2Bblvd.&sourceid=chrome&ie=UTF-8,,https://www.cvs.com/store-locator/cvs-pharmacy-address/10720+West+Bell+Road-Sun+City-AZ-85351/storeid=9217?WT.mc_id=LS_GOOGLE_FS_9217,2.8,28,,Drug store,"Drugstore chain selling a variety of beauty & health products, plus some grocery & household items.","[[[6, [0, 13, 29, 48, 64, 70, 64, 57, 52, 48, 42, 32, 21, 11, 4, 0, 0, 0]], [6, [0, 10, 27, 54, 75, 80, 69, 59, 59, 63, 63, 52, 35, 18, 8, 0, 0, 0]], [6, [0, 14, 31, 55, 80, 94, 93, 83, 70, 59, 47, 35, 22, 11, 4, 0, 0, 0]], [6, [0, 21, 41, 66, 87, 96, 90, 79, 71, 68, 64, 53, 35, 18, 7, 0, 0, 0]], [6, [0, 23, 46, 65, 79, 89, 90, 81, 77, 80, 77, 60, 35, 14, 3, 0, 0, 0]], [6, [0, 12, 31, 60, 88, 100, 91, 78, 73, 77, 78, 63, 41, 20, 7, 0, 0, 0]], [6, [0, 13, 30, 53, 71, 80, 81, 76, 66, 55, 50, 45, 36, 24, 12, 0, 0, 0]]]]",,"{'Wednesday': '7AM–9PM', 'Thursday': '7AM–9PM', 'Friday': '7AM–9PM', 'Saturday': '7AM–9PM', 'Sunday': '7AM–9PM', 'Monday': '7AM–9PM', 'Tuesday': '7AM–9PM'}",,(623) 972-2124,,,,,,2020-07-22 19:17:14.424281
55,117330,CVS,Paradise Rd. & Vinnin St.,Swampscott,MA,1907,42.481697,-70.901572,CVS,"4490 Paradise Rd, Las Vegas, NV 89109",https://www.google.com/search?hl=en&q=cvs+paradise%2Brd.%2B%26%2Bvinnin%2Bst.&sourceid=chrome&ie=UTF-8,https://www.google.com/search?hl=en&q=cvs+paradise%2Brd.%2B%26%2Bvinnin%2Bst.&sourceid=chrome&ie=UTF-8,,https://www.cvs.com/store-locator/cvs-pharmacy-address/4490+Paradise+Road-Las+Vegas-NV-89109/storeid=6867?WT.mc_id=LS_GOOGLE_FS_6867,3.2,60,,Drug store,"Drugstore chain selling a variety of beauty & health products, plus some grocery & household items.","[[[6, [0, 0, 0, 19, 35, 51, 60, 60, 54, 45, 47, 56, 59, 48, 26, 0, 0, 0]], [6, [0, 0, 0, 39, 54, 63, 63, 58, 55, 57, 65, 71, 65, 48, 28, 0, 0, 0]], [6, [0, 0, 0, 40, 63, 72, 64, 52, 51, 59, 68, 74, 74, 67, 56, 0, 0, 0]], [6, [0, 0, 0, 40, 58, 68, 72, 74, 81, 91, 100, 98, 87, 67, 47, 0, 0, 0]], [6, [0, 0, 0, 51, 60, 58, 66, 87, 90, 75, 67, 71, 72, 68, 59, 0, 0, 0]], [6, [0, 0, 0, 47, 64, 77, 82, 82, 78, 74, 71, 68, 66, 60, 52, 0, 0, 0]], [6, [0, 0, 0, 47, 63, 73, 75, 74, 72, 72, 71, 67, 62, 55, 45, 0, 0, 0]]]]",,"{'Wednesday': '9AM–9PM', 'Thursday': '9AM–9PM', 'Friday': '9AM–9PM', 'Saturday': '9AM–9PM', 'Sunday': '9AM–9PM', 'Monday': '9AM–9PM', 'Tuesday': '9AM–9PM'}",,,,,,,,2020-07-22 19:17:14.866642
56,101710,Dollar Tree,Bee Ridge Rd. & Tuttle Ave.,Sarasota,FL,34239,27.299,-82.5145,Dollar Tree,"3660 S Tuttle Ave, Sarasota, FL 34239",https://www.google.com/search?hl=en&q=dollar%2Btree+bee%2Bridge%2Brd.%2B%26%2Btuttle%2Bave.&sourceid=chrome&ie=UTF-8,https://www.google.com/search?hl=en&q=dollar%2Btree+bee%2Bridge%2Brd.%2B%26%2Btuttle%2Bave.&sourceid=chrome&ie=UTF-8,,https://www.dollartree.com/locations/fl/sarasota/3045/?utm_source=Google&amp;utm_medium=Maps&amp;utm_campaign=Google+Places,4.2,135,$,Dollar store,"Chain offering an eclectic mix of household items, beauty products, food & more at discount prices.","[[[6, [0, 0, 0, 59, 88, 78, 59, 62, 74, 81, 78, 65, 49, 31, 0, 0, 0, 0]], [6, [0, 0, 20, 43, 72, 94, 100, 84, 63, 50, 51, 53, 44, 26, 11, 0, 0, 0]], [6, [0, 0, 16, 31, 49, 65, 72, 69, 60, 58, 62, 69, 65, 45, 24, 0, 0, 0]], [6, [0, 0, 16, 26, 40, 54, 65, 73, 73, 67, 55, 44, 46, 62, 39, 0, 0, 0]], [6, [0, 0, 17, 40, 58, 55, 46, 48, 55, 63, 64, 62, 53, 40, 29, 0, 0, 0]], [6, [0, 0, 35, 50, 43, 55, 78, 83, 68, 51, 51, 60, 55, 32, 12, 0, 0, 0]], [6, [0, 0, 27, 45, 62, 73, 78, 83, 93, 100, 89, 64, 48, 68, 34, 0, 0, 0]]]]",,"{'Wednesday': '8AM–9PM', 'Thursday': '8AM–9PM', 'Friday': '8AM–9PM', 'Saturday': '8AM–9PM', 'Sunday': '9AM–8PM', 'Monday': '8AM–9PM', 'Tuesday': '8AM–9PM'}",,(941) 554-0252,,,"[{'source': '5/5', 'rating': '', 'num_reviews': None}]",,,2020-07-22 19:17:14.942818
57,101730,Dollar Tree,Fort Meade Rd.  & Irving St.,Laurel,MD,20707,39.096121000000004,-76.83969,Dollar Tree,"9620 Fort Meade Rd, Laurel, MD 20707",https://www.google.com/search?hl=en&q=dollar%2Btree+fort%2Bmeade%2Brd.%2B%2B%26%2Birving%2Bst.&sourceid=chrome&ie=UTF-8,https://www.google.com/search?hl=en&q=dollar%2Btree+fort%2Bmeade%2Brd.%2B%2B%26%2Birving%2Bst.&sourceid=chrome&ie=UTF-8,,https://www.dollartree.com/locations/md/laurel/1705/?utm_source=Google&amp;utm_medium=Maps&amp;utm_campaign=Google+Places,3.5,280,$,Dollar store,"Chain offering an eclectic mix of household items, beauty products, food & more at discount prices.","[[[6, [0, 0, 11, 24, 39, 56, 71, 81, 83, 78, 66, 50, 34, 20, 0, 0, 0, 0]], [6, [0, 0, 5, 20, 38, 54, 60, 55, 47, 45, 53, 56, 43, 20, 0, 0, 0, 0]], [6, [0, 0, 9, 18, 32, 48, 59, 60, 52, 40, 39, 54, 57, 33, 0, 0, 0, 0]], [6, [0, 0, 19, 29, 38, 45, 49, 48, 43, 36, 37, 57, 70, 41, 0, 0, 0, 0]], [6, [0, 0, 14, 26, 40, 53, 61, 62, 55, 44, 39, 54, 64, 35, 0, 0, 0, 0]], [6, [0, 0, 12, 27, 44, 59, 67, 66, 62, 61, 63, 60, 47, 27, 0, 0, 0, 0]], [6, [0, 0, 31, 51, 70, 82, 85, 83, 86, 94, 100, 91, 67, 39, 0, 0, 0, 0]]]]",,"{'Wednesday': '8AM–8PM', 'Thursday': '8AM–8PM', 'Friday': '8AM–8PM', 'Saturday': '8AM–8PM', 'Sunday': '8AM–8PM', 'Monday': '8AM–8PM', 'Tuesday': '8AM–8PM'}",,(301) 623-3992,,,,,,2020-07-22 19:17:14.987392
58,100160,Dollar Tree,Chapel Hill Blvd. & I-40,Durham,NC,27707,35.9533,-78.9971,Dollar Tree,"1800 E Franklin St Ste 17, Chapel Hill, NC 27514",https://www.google.com/search?hl=en&q=dollar%2Btree+chapel%2Bhill%2Bblvd.%2B%26%2Bi-40&sourceid=chrome&ie=UTF-8,https://www.google.com/search?hl=en&q=dollar%2Btree+chapel%2Bhill%2Bblvd.%2B%26%2Bi-40&sourceid=chrome&ie=UTF-8,,https://www.dollartree.com/locations/nc/chapel-hill/873/?utm_source=Google&amp;utm_medium=Maps&amp;utm_campaign=Google+Places,3.9,51,$,Dollar store,"Chain offering an eclectic mix of household items, beauty products, food & more at discount prices.","[[[6, [0, 0, 0, 0, 30, 54, 56, 54, 71, 89, 89, 69, 41, 19, 0, 0, 0, 0]], [6, [0, 0, 0, 10, 28, 45, 56, 52, 41, 41, 52, 60, 52, 32, 15, 0, 0, 0]], [6, [0, 0, 0, 21, 34, 50, 63, 69, 67, 58, 58, 82, 78, 34, 8, 0, 0, 0]], [6, [0, 0, 0, 26, 47, 65, 73, 73, 76, 80, 80, 76, 63, 47, 32, 0, 0, 0]], [6, [0, 0, 0, 26, 32, 43, 67, 91, 97, 80, 63, 63, 60, 43, 19, 0, 0, 0]], [6, [0, 0, 0, 43, 58, 73, 84, 86, 76, 60, 50, 63, 73, 50, 17, 0, 0, 0]], [6, [0, 0, 0, 43, 65, 80, 86, 82, 80, 86, 97, 100, 80, 50, 23, 0, 0, 0]]]]",,"{'Wednesday': '9AM–9PM', 'Thursday': '9AM–9PM', 'Friday': '9AM–9PM', 'Saturday': '9AM–9PM', 'Sunday': '10AM–8PM', 'Monday': '9AM–9PM', 'Tuesday': '9AM–9PM'}",,(919) 914-5088,,,,,,2020-07-22 19:17:15.210879
59,103890,Dollar Tree,Second St. Pike & Bustleton Pike,Richboro,PA,18954,40.208427,-75.01263900000001,Dollar Tree,"800 Bustleton Pike, Richboro, PA 18954",https://www.google.com/search?hl=en&q=dollar%2Btree+second%2Bst.%2Bpike%2B%26%2Bbustleton%2Bpike&sourceid=chrome&ie=UTF-8,https://www.google.com/search?hl=en&q=dollar%2Btree+second%2Bst.%2Bpike%2B%26%2Bbustleton%2Bpike&sourceid=chrome&ie=UTF-8,,https://www.dollartree.com/locations/pa/richboro/1622/?utm_source=Google&amp;utm_medium=Maps&amp;utm_campaign=Google+Places,4.0,40,$,Dollar store,"Chain offering an eclectic mix of household items, beauty products, food & more at discount prices.",[],,"{'Wednesday': '8AM–9PM', 'Thursday': '8AM–9PM', 'Friday': '8AM–9PM', 'Saturday': '8AM–9PM', 'Sunday': '9AM–8PM', 'Monday': '8AM–9PM', 'Tuesday': '8AM–9PM'}",,(215) 436-6045,,,,,,2020-07-22 19:17:15.501472
61,114080,CVS,W. El Norte Pkwy. & Centre City Pkwy.,Escondido,CA,92026,33.142977,-117.09451399999999,CVS,"318 W El Norte Pkwy, Escondido, CA 92026",https://www.google.com/search?hl=en&q=cvs+w.%2Bel%2Bnorte%2Bpkwy.%2B%26%2Bcentre%2Bcity%2Bpkwy.&sourceid=chrome&ie=UTF-8,https://www.google.com/search?hl=en&q=cvs+w.%2Bel%2Bnorte%2Bpkwy.%2B%26%2Bcentre%2Bcity%2Bpkwy.&sourceid=chrome&ie=UTF-8,,https://www.cvs.com/store-locator/cvs-pharmacy-address/318+West+El+Norte+Parkway-Escondido-CA-92026/storeid=9103?WT.mc_id=LS_GOOGLE_FS_9103,2.5,58,,Drug store,"Drugstore chain selling a variety of beauty & health products, plus some grocery & household items.","[[[4, [1, 0, 5, 12, 23, 36, 48, 59, 65, 67, 67, 67, 66, 64, 61, 57, 52, 44, 34, 23, 13, 5, 0, 1]], [4, [0, 1, 5, 9, 16, 24, 34, 46, 57, 67, 74, 78, 78, 73, 65, 55, 43, 32, 22, 14, 8, 4, 1, 0]], [4, [1, 1, 3, 9, 20, 33, 48, 62, 72, 76, 77, 76, 77, 78, 79, 75, 66, 53, 38, 24, 13, 5, 0, 1]], [4, [1, 0, 5, 11, 20, 30, 40, 46, 49, 53, 66, 88, 100, 91, 75, 67, 64, 56, 43, 28, 15, 6, 0, 1]], [4, [1, 0, 4, 12, 22, 36, 51, 65, 74, 78, 79, 79, 80, 81, 81, 78, 69, 56, 41, 26, 15, 6, 1, 1]], [4, [1, 0, 5, 11, 20, 31, 45, 59, 72, 80, 83, 83, 81, 81, 81, 80, 73, 60, 42, 24, 11, 3, 1, 1]], [4, [1, 0, 3, 10, 22, 37, 55, 73, 86, 92, 89, 82, 76, 74, 78, 82, 82, 75, 61, 44, 27, 13, 5, 0]]]]",,{},,(760) 489-1505,,,,,,2020-07-22 19:17:15.641004
62,105530,Dollar Tree,N. Peoria Ave. & I-17,Phoenix,AZ,85029,33.5833,-112.1185,Dollar Tree,"4523 N Peoria Ave, Tulsa, OK 74106",https://www.google.com/search?hl=en&q=dollar%2Btree+n.%2Bpeoria%2Bave.%2B%26%2Bi-17&sourceid=chrome&ie=UTF-8,https://www.google.com/search?hl=en&q=dollar%2Btree+n.%2Bpeoria%2Bave.%2B%26%2Bi-17&sourceid=chrome&ie=UTF-8,,https://www.dollartree.com/locations/ok/tulsa/6981/?utm_source=Google&amp;utm_medium=Maps&amp;utm_campaign=Google+Places,4.4,23,,Dollar store,"Chain offering an eclectic mix of household items, beauty products, food & more at discount prices.","[[[6, [0, 0, 0, 0, 34, 58, 76, 94, 99, 88, 88, 98, 76, 32, 0, 0, 0, 0]], [6, [0, 0, 0, 22, 42, 50, 44, 43, 54, 62, 59, 59, 69, 61, 29, 0, 0, 0]], [6, [0, 0, 0, 19, 32, 45, 55, 58, 59, 65, 77, 84, 72, 44, 18, 0, 0, 0]], [6, [0, 0, 0, 22, 34, 46, 59, 70, 75, 72, 64, 70, 85, 70, 29, 0, 0, 0]], [6, [0, 0, 0, 20, 36, 52, 59, 61, 65, 75, 89, 93, 77, 48, 22, 0, 0, 0]], [6, [0, 0, 0, 20, 36, 53, 68, 76, 77, 74, 77, 87, 85, 59, 26, 0, 0, 0]], [6, [0, 0, 0, 27, 49, 68, 83, 95, 100, 90, 79, 82, 88, 71, 36, 0, 0, 0]]]]",,"{'Wednesday': '9AM–9PM', 'Thursday': '9AM–9PM', 'Friday': '9AM–9PM', 'Saturday': '9AM–9PM', 'Sunday': '10AM–8PM', 'Monday': '9AM–9PM', 'Tuesday': '9AM–9PM'}",,(918) 280-9909,,,,,,2020-07-22 19:17:15.896325
63,103800,Dollar Tree,South Blvd. & Tyvola Rd.,Charlotte,NC,28210,35.162605,-80.874662,Dollar Tree,"5409 South Blvd, Charlotte, NC 28217",https://www.google.com/search?hl=en&q=dollar%2Btree+south%2Bblvd.%2B%26%2Btyvola%2Brd.&sourceid=chrome&ie=UTF-8,https://www.google.com/search?hl=en&q=dollar%2Btree+south%2Bblvd.%2B%26%2Btyvola%2Brd.&sourceid=chrome&ie=UTF-8,,https://www.dollartree.com/locations/nc/charlotte/1534/?utm_source=Google&amp;utm_medium=Maps&amp;utm_campaign=Google+Places,4.1,141,$,Dollar store,"Chain offering an eclectic mix of household items, beauty products, food & more at discount prices.","[[[6, [0, 0, 0, 20, 41, 50, 64, 76, 70, 62, 67, 65, 49, 27, 0, 0, 0, 0]], [6, [0, 0, 0, 13, 29, 49, 61, 64, 63, 61, 54, 52, 52, 30, 8, 0, 0, 0]], [6, [0, 0, 0, 16, 36, 55, 59, 52, 49, 54, 59, 55, 42, 26, 12, 0, 0, 0]], [6, [0, 0, 0, 26, 53, 66, 56, 48, 45, 42, 46, 49, 41, 25, 11, 0, 0, 0]], [6, [0, 0, 0, 17, 31, 31, 26, 38, 61, 73, 70, 65, 52, 28, 8, 0, 0, 0]], [6, [0, 0, 0, 20, 37, 57, 75, 83, 78, 65, 60, 75, 81, 50, 16, 0, 0, 0]], [6, [0, 0, 0, 28, 49, 72, 91, 100, 92, 74, 63, 73, 84, 58, 20, 0, 0, 0]]]]",,"{'Wednesday': '9AM–9PM', 'Thursday': '9AM–9PM', 'Friday': '9AM–9PM', 'Saturday': '9AM–9PM', 'Sunday': '9AM–8PM', 'Monday': '9AM–9PM', 'Tuesday': '9AM–9PM'}",,(704) 916-1903,,,,,,2020-07-22 19:17:16.105337
64,105000,Dollar Tree,Dixwell Ave. & Skiff St. Ext.,Hamden,CT,6514,41.3742,-72.9163,Dollar Tree,"2300 Dixwell Ave, Hamden, CT 06514",https://www.google.com/search?hl=en&q=dollar%2Btree+dixwell%2Bave.%2B%26%2Bskiff%2Bst.%2Bext.&sourceid=chrome&ie=UTF-8,https://www.google.com/search?hl=en&q=dollar%2Btree+dixwell%2Bave.%2B%26%2Bskiff%2Bst.%2Bext.&sourceid=chrome&ie=UTF-8,,https://www.dollartree.com/locations/ct/hamden/3474/?utm_source=Google&amp;utm_medium=Maps&amp;utm_campaign=Google+Places,3.1,85,$,Dollar store,"Chain offering an eclectic mix of household items, beauty products, food & more at discount prices.","[[[6, [0, 0, 0, 38, 60, 50, 56, 62, 55, 42, 37, 39, 36, 22, 0, 0, 0, 0]], [6, [0, 0, 8, 20, 35, 45, 51, 61, 70, 64, 46, 36, 36, 26, 0, 0, 0, 0]], [6, [0, 0, 17, 33, 42, 37, 35, 52, 64, 49, 35, 41, 47, 36, 0, 0, 0, 0]], [6, [0, 0, 16, 31, 23, 36, 48, 51, 51, 57, 72, 77, 60, 32, 0, 0, 0, 0]], [6, [0, 0, 19, 43, 45, 51, 83, 97, 70, 42, 43, 53, 46, 24, 0, 0, 0, 0]], [6, [0, 0, 13, 33, 48, 47, 53, 78, 98, 86, 61, 48, 43, 30, 0, 0, 0, 0]], [6, [0, 0, 29, 64, 71, 53, 57, 89, 100, 72, 48, 57, 72, 55, 0, 0, 0, 0]]]]",,"{'Wednesday': '8AM–8PM', 'Thursday': '8AM–8PM', 'Friday': '8AM–8PM', 'Saturday': '8AM–8PM', 'Sunday': '9AM–8PM', 'Monday': '8AM–8PM', 'Tuesday': '8AM–8PM'}",,(203) 974-5240,,,,,,2020-07-22 19:17:16.291430
65,106470,Dollar Tree,40th St. & Chandler Blvd.,Phoenix,AZ,85048,33.303867,-111.99558799999998,Dollar Tree,"4005 E Chandler Blvd, Phoenix, AZ 85048",https://www.google.com/search?hl=en&q=dollar%2Btree+40th%2Bst.%2B%26%2Bchandler%2Bblvd.&sourceid=chrome&ie=UTF-8,https://www.google.com/search?hl=en&q=dollar%2Btree+40th%2Bst.%2B%26%2Bchandler%2Bblvd.&sourceid=chrome&ie=UTF-8,,https://www.dollartree.com/locations/az/phoenix/3465/?utm_source=Google&amp;utm_medium=Maps&amp;utm_campaign=Google+Places,4.5,71,$,Dollar store,"Chain offering an eclectic mix of household items, beauty products, food & more at discount prices.",[],,"{'Wednesday': '9AM–9PM', 'Thursday': '9AM–9PM', 'Friday': '9AM–9PM', 'Saturday': '9AM–9PM', 'Sunday': '9AM–8PM', 'Monday': '9AM–9PM', 'Tuesday': '9AM–9PM'}",,(623) 300-7313,,,,,,2020-07-22 19:17:16.461518
66,109150,Dollar Tree,Prince William Pkwy. & Smoketown Rd.,Woodbridge,VA,22192,38.649873,-77.294831,Dollar Tree,"13345 Worth Ave, Woodbridge, VA 22192",https://www.google.com/search?hl=en&q=dollar%2Btree+prince%2Bwilliam%2Bpkwy.%2B%26%2Bsmoketown%2Brd.&sourceid=chrome&ie=UTF-8,https://www.google.com/search?hl=en&q=dollar%2Btree+prince%2Bwilliam%2Bpkwy.%2B%26%2Bsmoketown%2Brd.&sourceid=chrome&ie=UTF-8,,https://www.dollartree.com/locations/va/woodbridge/1890/?utm_source=Google&amp;utm_medium=Maps&amp;utm_campaign=Google+Places,4.2,336,$,Dollar store,"Chain offering an eclectic mix of household items, beauty products, food & more at discount prices.","[[[6, [0, 0, 0, 48, 37, 37, 56, 57, 56, 60, 64, 53, 35, 18, 0, 0, 0, 0]], [6, [0, 0, 28, 40, 32, 46, 50, 40, 35, 45, 59, 60, 45, 23, 0, 0, 0, 0]], [6, [0, 0, 10, 25, 35, 40, 40, 48, 57, 60, 53, 37, 32, 56, 0, 0, 0, 0]], [6, [0, 0, 15, 25, 35, 43, 43, 39, 35, 51, 64, 40, 46, 29, 0, 0, 0, 0]], [6, [0, 0, 21, 29, 32, 37, 42, 48, 51, 51, 51, 51, 46, 34, 0, 0, 0, 0]], [6, [0, 0, 17, 31, 35, 35, 45, 57, 59, 60, 79, 100, 95, 62, 0, 0, 0, 0]], [6, [0, 0, 20, 42, 71, 92, 93, 78, 68, 78, 96, 96, 70, 35, 0, 0, 0, 0]]]]",,"{'Wednesday': '8AM–8PM', 'Thursday': '8AM–8PM', 'Friday': '8AM–8PM', 'Saturday': '8AM–8PM', 'Sunday': '9AM–8PM', 'Monday': '8AM–8PM', 'Tuesday': '8AM–8PM'}",,(703) 987-2099,,,,,,2020-07-22 19:17:16.589175
67,117370,CVS,Belmont Ave. & Ormond St.,Springfield,MA,1108,42.086075,-72.555672,CVS,"615 Belmont Ave, Springfield, MA 01108",https://www.google.com/search?hl=en&q=cvs+belmont%2Bave.%2B%26%2Bormond%2Bst.&sourceid=chrome&ie=UTF-8,https://www.google.com/search?hl=en&q=cvs+belmont%2Bave.%2B%26%2Bormond%2Bst.&sourceid=chrome&ie=UTF-8,,https://www.cvs.com/store-locator/cvs-pharmacy-address/615+Belmont+Avenue-Springfield-MA-01108/storeid=1130?WT.mc_id=LS_GOOGLE_FS_1130,3.2,30,,Drug store,"Drugstore chain selling a variety of beauty & health products, plus some grocery & household items.","[[[4, [0, 2, 6, 13, 22, 32, 43, 54, 63, 69, 74, 76, 76, 75, 71, 66, 57, 47, 36, 25, 15, 8, 3, 0]], [4, [1, 0, 4, 9, 17, 26, 37, 47, 57, 65, 70, 74, 76, 75, 71, 65, 57, 47, 36, 25, 16, 8, 3, 0]], [4, [1, 1, 3, 10, 19, 29, 39, 49, 59, 70, 80, 86, 87, 86, 84, 82, 76, 64, 47, 29, 14, 4, 1, 1]], [4, [1, 3, 7, 14, 21, 30, 40, 52, 64, 75, 83, 86, 87, 87, 86, 84, 79, 69, 55, 39, 24, 13, 5, 1]], [4, [1, 1, 3, 8, 17, 29, 42, 55, 68, 78, 86, 90, 92, 92, 90, 85, 78, 67, 53, 39, 25, 14, 6, 1]], [4, [1, 1, 5, 13, 25, 39, 55, 70, 81, 89, 94, 97, 99, 100, 97, 91, 81, 68, 52, 38, 24, 14, 6, 1]], [4, [1, 1, 4, 9, 17, 29, 44, 60, 75, 86, 91, 89, 82, 74, 69, 70, 74, 74, 65, 47, 27, 12, 4, 0]]]]",,{},,(413) 732-2998,,,,,,2020-07-22 19:17:16.686568
68,114250,Dollar Tree,Marron Rd. & Jefferson St.,Carlsbad,CA,92008,33.177856,-117.33846000000001,Dollar Tree,"1838 Marron Rd E, Carlsbad, CA 92008",https://www.google.com/search?hl=en&q=dollar%2Btree+marron%2Brd.%2B%26%2Bjefferson%2Bst.&sourceid=chrome&ie=UTF-8,https://www.google.com/search?hl=en&q=dollar%2Btree+marron%2Brd.%2B%26%2Bjefferson%2Bst.&sourceid=chrome&ie=UTF-8,,https://www.dollartree.com/locations/ca/carlsbad/2521/?utm_source=Google&amp;utm_medium=Maps&amp;utm_campaign=Google+Places,4.2,81,$,Dollar store,"Chain offering an eclectic mix of household items, beauty products, food & more at discount prices.","[[[6, [0, 0, 0, 42, 64, 59, 61, 77, 80, 61, 48, 55, 53, 30, 0, 0, 0, 0]], [6, [0, 0, 15, 25, 35, 47, 55, 59, 57, 57, 67, 76, 67, 39, 14, 0, 0, 0]], [6, [0, 0, 22, 32, 44, 55, 64, 73, 85, 94, 94, 80, 55, 31, 14, 0, 0, 0]], [6, [0, 0, 21, 36, 55, 71, 82, 89, 96, 100, 96, 80, 55, 31, 14, 0, 0, 0]], [6, [0, 0, 25, 36, 47, 56, 64, 68, 67, 63, 61, 67, 64, 44, 19, 0, 0, 0]], [6, [0, 0, 22, 35, 50, 63, 68, 68, 60, 56, 63, 77, 76, 51, 22, 0, 0, 0]], [6, [0, 0, 18, 35, 56, 73, 81, 82, 84, 84, 73, 51, 57, 67, 14, 0, 0, 0]]]]",,"{'Wednesday': '8AM–9PM', 'Thursday': '8AM–9PM', 'Friday': '8AM–9PM', 'Saturday': '8AM–9PM', 'Sunday': '9AM–8PM', 'Monday': '8AM–9PM', 'Tuesday': '8AM–9PM'}",,(760) 696-9033,,,,,,2020-07-22 19:17:17.588009
69,113370,CVS,Horsham Rd. & Dresher Rd.,Horsham,PA,19044,40.181852,-75.13375,CVS,"101 Easton Rd Suite 200, Horsham, PA 19044",https://www.google.com/search?hl=en&q=cvs+horsham%2Brd.%2B%26%2Bdresher%2Brd.&sourceid=chrome&ie=UTF-8,https://www.google.com/search?hl=en&q=cvs+horsham%2Brd.%2B%26%2Bdresher%2Brd.&sourceid=chrome&ie=UTF-8,,https://www.cvs.com/store-locator/cvs-pharmacy-address/101+Easton+Road+Suite+200-Horsham-PA-19044/storeid=1191?WT.mc_id=LS_GOOGLE_FS_1191,2.4,34,,Drug store,"Drugstore chain selling a variety of beauty & health products, plus some grocery & household items.","[[[6, [0, 0, 12, 27, 48, 69, 84, 87, 81, 70, 58, 46, 33, 20, 11, 5, 0, 0]], [6, [0, 0, 8, 18, 33, 45, 52, 53, 55, 61, 67, 64, 49, 29, 14, 5, 0, 0]], [6, [0, 0, 13, 23, 33, 43, 49, 50, 50, 57, 70, 78, 70, 47, 24, 8, 0, 0]], [6, [0, 0, 18, 29, 41, 51, 60, 66, 71, 76, 79, 75, 64, 46, 28, 15, 0, 0]], [6, [0, 0, 11, 24, 41, 58, 70, 71, 64, 59, 66, 75, 67, 42, 18, 5, 0, 0]], [6, [0, 0, 20, 38, 50, 56, 65, 80, 89, 85, 82, 79, 66, 43, 22, 8, 0, 0]], [6, [0, 0, 17, 49, 64, 81, 100, 96, 83, 83, 89, 83, 62, 34, 15, 5, 0, 0]]]]",,"{'Wednesday': '8AM–10PM', 'Thursday': '8AM–10PM', 'Friday': '8AM–10PM', 'Saturday': '8AM–10PM', 'Sunday': '8AM–10PM', 'Monday': '8AM–10PM', 'Tuesday': '8AM–10PM'}",,(215) 682-2016,,,,,,2020-07-22 19:17:17.897733
70,114550,Dollar Tree,Hesperian Blvd. & Fairmont Dr.,San Leandro,CA,94578,37.701109,-122.128801,Dollar Tree,"20800 Hesperian Blvd, Hayward, CA 94541",https://www.google.com/search?hl=en&q=dollar%2Btree+hesperian%2Bblvd.%2B%26%2Bfairmont%2Bdr.&sourceid=chrome&ie=UTF-8,https://www.google.com/search?hl=en&q=dollar%2Btree+hesperian%2Bblvd.%2B%26%2Bfairmont%2Bdr.&sourceid=chrome&ie=UTF-8,,https://www.dollartree.com/locations/ca/hayward/1264/?utm_source=Google&amp;utm_medium=Maps&amp;utm_campaign=Google+Places,3.9,168,$,Dollar store,"Chain offering an eclectic mix of household items, beauty products, food & more at discount prices.","[[[6, [0, 0, 5, 22, 45, 58, 61, 72, 86, 77, 50, 43, 58, 31, 0, 0, 0, 0]], [6, [0, 0, 17, 29, 43, 58, 68, 72, 68, 60, 58, 65, 53, 25, 6, 0, 0, 0]], [6, [0, 0, 15, 26, 39, 53, 62, 64, 61, 57, 61, 70, 64, 39, 15, 0, 0, 0]], [6, [0, 0, 19, 30, 44, 56, 64, 63, 58, 60, 74, 86, 75, 45, 18, 0, 0, 0]], [6, [0, 0, 18, 30, 44, 56, 64, 64, 59, 54, 59, 71, 71, 50, 22, 0, 0, 0]], [6, [0, 0, 18, 35, 54, 71, 78, 76, 69, 67, 74, 79, 71, 50, 26, 0, 0, 0]], [6, [0, 0, 12, 36, 70, 97, 100, 90, 88, 86, 81, 81, 82, 64, 33, 0, 0, 0]]]]",,"{'Wednesday': '8AM–9PM', 'Thursday': '8AM–9PM', 'Friday': '8AM–9PM', 'Saturday': '8AM–9PM', 'Sunday': '8AM–8PM', 'Monday': '8AM–9PM', 'Tuesday': '8AM–9PM'}",,(510) 921-3038,,,,,,2020-07-22 19:17:17.924113
71,102030,CVS,US 1 & Campbell Dr.,Homestead,FL,33030,25.4785,-80.4629,CVS,"260 South, US-1, Tequesta, FL 33469",https://www.google.com/search?hl=en&q=cvs+us%2B1%2B%26%2Bcampbell%2Bdr.&sourceid=chrome&ie=UTF-8,https://www.google.com/search?hl=en&q=cvs+us%2B1%2B%26%2Bcampbell%2Bdr.&sourceid=chrome&ie=UTF-8,,https://www.cvs.com/store-locator/cvs-pharmacy-address/260+South+Us+Highway+1-Tequesta-FL-33469/storeid=7886?WT.mc_id=LS_GOOGLE_FS_7886,3.1,18,,Drug store,"Drugstore chain selling a variety of beauty & health products, plus some grocery & household items.","[[[6, [0, 6, 19, 35, 52, 66, 73, 74, 71, 65, 57, 46, 33, 18, 6, 1, 1, 0]], [6, [0, 22, 37, 54, 69, 81, 86, 87, 83, 80, 76, 70, 60, 47, 35, 27, 17, 0]], [6, [0, 16, 38, 62, 80, 85, 79, 73, 73, 77, 76, 66, 50, 31, 15, 3, 1, 0]], [6, [0, 5, 22, 49, 77, 94, 90, 77, 72, 82, 83, 60, 30, 35, 57, 23, 1, 0]], [6, [0, 16, 37, 62, 83, 92, 85, 75, 72, 77, 73, 57, 39, 27, 16, 5, 1, 0]], [6, [0, 16, 37, 61, 78, 84, 84, 86, 88, 85, 76, 66, 56, 41, 22, 5, 1, 0]], [6, [0, 4, 21, 47, 76, 95, 100, 88, 76, 66, 61, 56, 48, 35, 22, 10, 1, 0]]]]",,"{'Wednesday': '7AM–11PM', 'Thursday': '7AM–11PM', 'Friday': '7AM–11PM', 'Saturday': '7AM–11PM', 'Sunday': '7AM–11PM', 'Monday': '7AM–11PM', 'Tuesday': '7AM–11PM'}",,(561) 743-3841,,,,,,2020-07-22 19:17:17.924933
72,114820,Dollar Tree,Auburn Way N. & 15th St. NE,Auburn,WA,98002,47.319779,-122.22296599999999,Dollar Tree,"1241 Auburn Way N, Auburn, WA 98002, United States",https://www.google.com/search?hl=en&q=dollar%2Btree+auburn%2Bway%2Bn.%2B%26%2B15th%2Bst.%2Bne&sourceid=chrome&ie=UTF-8,https://www.google.com/search?hl=en&q=dollar%2Btree+auburn%2Bway%2Bn.%2B%26%2B15th%2Bst.%2Bne&sourceid=chrome&ie=UTF-8,,https://www.dollartree.com/locations/wa/auburn/3197/?utm_source=Google&amp;utm_medium=Maps&amp;utm_campaign=Google+Places,3.7,193,$,Dollar store,"Chain offering an eclectic mix of household items, beauty products, food & more at discount prices.","[[[6, [0, 0, 14, 26, 39, 53, 63, 66, 62, 57, 57, 59, 46, 22, 0, 0, 0, 0]], [6, [0, 0, 6, 12, 21, 32, 44, 51, 53, 49, 44, 44, 45, 36, 18, 0, 0, 0]], [6, [0, 0, 5, 11, 18, 28, 38, 46, 48, 45, 47, 59, 62, 44, 18, 0, 0, 0]], [6, [0, 0, 7, 13, 22, 33, 43, 48, 47, 44, 49, 57, 53, 33, 11, 0, 0, 0]], [6, [0, 0, 8, 20, 38, 55, 68, 70, 63, 56, 55, 57, 51, 35, 16, 0, 0, 0]], [6, [0, 0, 2, 11, 26, 49, 72, 84, 80, 70, 64, 65, 61, 44, 24, 0, 0, 0]], [6, [0, 0, 19, 32, 46, 61, 74, 84, 93, 100, 99, 85, 62, 37, 18, 0, 0, 0]]]]",,{},,,,,,,,2020-07-22 19:17:18.163073
73,114230,CVS,S. Melrose Dr. & Longhorn Rd.,Vista,CA,92081,33.165903,-117.247534,CVS,"1631 S Melrose Dr, Vista, CA 92081",https://www.google.com/search?hl=en&q=cvs+s.%2Bmelrose%2Bdr.%2B%26%2Blonghorn%2Brd.&sourceid=chrome&ie=UTF-8,https://www.google.com/search?hl=en&q=cvs+s.%2Bmelrose%2Bdr.%2B%26%2Blonghorn%2Brd.&sourceid=chrome&ie=UTF-8,,https://www.cvs.com/store-locator/cvs-pharmacy-address/1631+South+Melrose+Drive+Melrose+And+Showdowridge-Vista-CA-92081/storeid=8836?WT.mc_id=LS_GOOGLE_FS_8836,3.0,23,,Drug store,"Drugstore chain selling a variety of beauty & health products, plus some grocery & household items.","[[[6, [0, 0, 16, 34, 58, 79, 87, 82, 71, 65, 63, 60, 49, 31, 15, 4, 0, 0]], [6, [0, 0, 4, 17, 36, 56, 65, 68, 70, 73, 76, 77, 68, 47, 24, 8, 0, 0]], [6, [0, 0, 11, 26, 43, 58, 67, 73, 80, 91, 95, 86, 65, 39, 19, 6, 0, 0]], [6, [0, 0, 5, 22, 51, 75, 76, 66, 67, 81, 93, 86, 68, 53, 43, 26, 0, 0]], [6, [0, 0, 15, 32, 51, 65, 71, 74, 78, 84, 85, 78, 61, 42, 23, 11, 0, 0]], [6, [0, 0, 17, 35, 58, 80, 94, 100, 100, 93, 78, 67, 63, 56, 35, 13, 0, 0]], [6, [0, 0, 16, 36, 59, 79, 91, 93, 83, 67, 58, 60, 63, 52, 31, 12, 0, 0]]]]",,"{'Wednesday': '8AM–10PM', 'Thursday': '8AM–10PM', 'Friday': '8AM–10PM', 'Saturday': '8AM–10PM', 'Sunday': '8AM–10PM', 'Monday': '8AM–10PM', 'Tuesday': '8AM–10PM'}",,(760) 727-4221,,,,,,2020-07-22 19:17:18.263954
74,114060,Dollar Tree,Central Ave. & Philadelphia St.,Chino,CA,91710,34.035287,-117.68845,Dollar Tree,"11975 Central Ave, Chino, CA 91710",https://www.google.com/search?hl=en&q=dollar%2Btree+central%2Bave.%2B%26%2Bphiladelphia%2Bst.&sourceid=chrome&ie=UTF-8,https://www.google.com/search?hl=en&q=dollar%2Btree+central%2Bave.%2B%26%2Bphiladelphia%2Bst.&sourceid=chrome&ie=UTF-8,,https://www.dollartree.com/locations/ca/chino/2518/?utm_source=Google&amp;utm_medium=Maps&amp;utm_campaign=Google+Places,4.5,302,$,Dollar store,"Chain offering an eclectic mix of household items, beauty products, food & more at discount prices.","[[[6, [0, 0, 0, 19, 40, 64, 84, 90, 79, 66, 71, 82, 62, 25, 0, 0, 0, 0]], [6, [0, 0, 6, 16, 33, 57, 77, 85, 77, 64, 57, 57, 53, 38, 18, 0, 0, 0]], [6, [0, 0, 13, 25, 41, 56, 65, 65, 58, 55, 61, 68, 60, 38, 16, 0, 0, 0]], [6, [0, 0, 19, 33, 46, 55, 58, 60, 65, 70, 63, 49, 60, 56, 12, 0, 0, 0]], [6, [0, 0, 20, 40, 43, 44, 56, 67, 68, 65, 69, 72, 64, 42, 19, 0, 0, 0]], [6, [0, 0, 14, 28, 44, 61, 71, 74, 71, 71, 79, 81, 67, 41, 18, 0, 0, 0]], [6, [0, 0, 16, 43, 78, 100, 96, 87, 92, 95, 83, 80, 87, 66, 26, 0, 0, 0]]]]",,"{'Wednesday': '8AM–9PM', 'Thursday': '8AM–9PM', 'Friday': '8AM–9PM', 'Saturday': '8AM–9PM', 'Sunday': '9AM–8PM', 'Monday': '8AM–9PM', 'Tuesday': '8AM–9PM'}",,(909) 664-9707,,,,,,2020-07-22 19:17:18.346110
75,117070,Dollar Tree,Lawrenceville Suwanee Rd. & Walther Blvd.,Lawrenceville,GA,30043,33.970529,-84.01674799999999,Dollar Tree,,https://www.google.com/search?hl=en&q=dollar%2Btree+lawrenceville%2Bsuwanee%2Brd.%2B%26%2Bwalther%2Bblvd.&sourceid=chrome&ie=UTF-8,https://www.google.com/search?hl=en&q=dollar%2Btree+lawrenceville%2Bsuwanee%2Brd.%2B%26%2Bwalther%2Bblvd.&sourceid=chrome&ie=UTF-8,,https://www.dollartree.com/locations/ga/suwanee/2033/?utm_source=Google&amp;utm_medium=Maps&amp;utm_campaign=Google+Places,3.7,81,$,Dollar store,"Chain offering an eclectic mix of household items, beauty products, food & more at discount prices.",[],,"{'Wednesday': '9AM–9PM', 'Thursday': '9AM–9PM', 'Friday': '9AM–9PM', 'Saturday': '9AM–9PM', 'Sunday': '9AM–8PM', 'Monday': '9AM–9PM', 'Tuesday': '9AM–9PM'}",,(678) 288-0065,,,,,,2020-07-22 19:17:18.361608
76,111001,Dollar Tree,W. 7th St. & Carroll St.,Fort Worth,TX,76107,32.754133,-97.352386,Dollar Tree,"425 W Lincoln Hwy Ste 100, Carroll, IA 51401",https://www.google.com/search?hl=en&q=dollar%2Btree+w.%2B7th%2Bst.%2B%26%2Bcarroll%2Bst.&sourceid=chrome&ie=UTF-8,https://www.google.com/search?hl=en&q=dollar%2Btree+w.%2B7th%2Bst.%2B%26%2Bcarroll%2Bst.&sourceid=chrome&ie=UTF-8,,https://www.dollartree.com/locations/ia/carroll/6301/?utm_source=Google&amp;utm_medium=Maps&amp;utm_campaign=Google+Places,4.2,82,$,Dollar store,"Chain offering an eclectic mix of household items, beauty products, food & more at discount prices.","[[[6, [0, 0, 0, 0, 42, 64, 65, 50, 45, 55, 62, 50, 28, 11, 0, 0, 0, 0]], [6, [0, 0, 0, 27, 47, 57, 57, 57, 62, 62, 55, 47, 39, 25, 10, 0, 0, 0]], [6, [0, 0, 0, 32, 60, 70, 62, 54, 51, 48, 51, 58, 55, 37, 16, 0, 0, 0]], [6, [0, 0, 0, 33, 45, 49, 51, 58, 67, 69, 65, 60, 50, 32, 15, 0, 0, 0]], [6, [0, 0, 0, 40, 67, 80, 73, 69, 80, 84, 70, 62, 60, 45, 22, 0, 0, 0]], [6, [0, 0, 0, 50, 60, 57, 62, 71, 78, 89, 100, 93, 66, 34, 12, 0, 0, 0]], [6, [0, 0, 0, 26, 56, 85, 97, 90, 82, 81, 78, 66, 46, 26, 12, 0, 0, 0]]]]",,"{'Wednesday': '9AM–9PM', 'Thursday': '9AM–9PM', 'Friday': '9AM–9PM', 'Saturday': '9AM–9PM', 'Sunday': '10AM–8PM', 'Monday': '9AM–9PM', 'Tuesday': '9AM–9PM'}",,(712) 792-8946,,,,,,2020-07-22 19:17:18.554396
77,106140,Dollar Tree,Cuthbert Blvd. & MacArthur Blvd.,Westmont,NJ,8108,39.901598,-75.062935,Dollar Tree,"662 W Cuthbert Blvd, Haddon Township, NJ 08108",https://www.google.com/search?hl=en&q=dollar%2Btree+cuthbert%2Bblvd.%2B%26%2Bmacarthur%2Bblvd.&sourceid=chrome&ie=UTF-8,https://www.google.com/search?hl=en&q=dollar%2Btree+cuthbert%2Bblvd.%2B%26%2Bmacarthur%2Bblvd.&sourceid=chrome&ie=UTF-8,,https://www.dollartree.com/locations/nj/westmont/931/?utm_source=Google&amp;utm_medium=Maps&amp;utm_campaign=Google+Places,4.2,40,$,Dollar store,"Chain offering an eclectic mix of household items, beauty products, food & more at discount prices.","[[[6, [0, 0, 0, 19, 43, 67, 73, 67, 60, 56, 50, 36, 23, 13, 0, 0, 0, 0]], [6, [0, 0, 0, 8, 34, 47, 36, 41, 56, 67, 63, 47, 28, 15, 6, 0, 0, 0]], [6, [0, 0, 0, 6, 15, 26, 36, 43, 43, 39, 32, 26, 19, 13, 6, 0, 0, 0]], [6, [0, 0, 0, 23, 41, 58, 67, 65, 56, 47, 41, 32, 23, 15, 8, 0, 0, 0]], [6, [0, 0, 0, 19, 23, 23, 32, 47, 47, 39, 47, 52, 30, 10, 2, 0, 0, 0]], [6, [0, 0, 0, 32, 50, 63, 67, 65, 60, 56, 52, 43, 32, 19, 10, 0, 0, 0]], [6, [0, 0, 0, 17, 36, 63, 89, 100, 91, 67, 47, 39, 36, 23, 10, 0, 0, 0]]]]",,"{'Wednesday': '9AM–9PM', 'Thursday': '9AM–9PM', 'Friday': '9AM–9PM', 'Saturday': '9AM–9PM', 'Sunday': '9AM–8PM', 'Monday': '9AM–9PM', 'Tuesday': '9AM–9PM'}",,(856) 240-9006,,,,,,2020-07-22 19:17:21.877569
78,116130,CVS,Lincoln Blvd. & Ferrari Ranch Rd.,Lincoln,CA,95648,38.878218,-121.294903,CVS,"63 Lincoln Blvd, Lincoln, CA 95648",https://www.google.com/search?hl=en&q=cvs+lincoln%2Bblvd.%2B%26%2Bferrari%2Branch%2Brd.&sourceid=chrome&ie=UTF-8,https://www.google.com/search?hl=en&q=cvs+lincoln%2Bblvd.%2B%26%2Bferrari%2Branch%2Brd.&sourceid=chrome&ie=UTF-8,,https://www.cvs.com/store-locator/cvs-pharmacy-address/63+Lincoln+Boulevard-Lincoln-CA-95648/storeid=9535?WT.mc_id=LS_GOOGLE_FS_9535,3.9,9,,Drug store,"Drugstore chain selling a variety of beauty & health products, plus some grocery & household items.","[[[6, [0, 5, 12, 23, 36, 48, 55, 56, 53, 50, 50, 49, 43, 33, 20, 10, 4, 1]], [6, [0, 4, 16, 33, 50, 56, 54, 54, 63, 72, 75, 68, 53, 35, 20, 9, 3, 1]], [6, [0, 12, 26, 45, 61, 68, 66, 61, 61, 64, 63, 57, 48, 37, 22, 9, 2, 1]], [6, [0, 9, 21, 37, 49, 54, 57, 66, 79, 85, 79, 66, 53, 38, 23, 11, 4, 1]], [6, [0, 3, 11, 29, 54, 75, 80, 72, 64, 62, 64, 62, 54, 40, 25, 14, 6, 2]], [6, [0, 6, 17, 32, 46, 55, 60, 72, 91, 100, 86, 66, 58, 51, 29, 9, 1, 0]], [6, [0, 4, 19, 48, 66, 59, 54, 62, 68, 65, 54, 44, 34, 25, 17, 11, 6, 3]]]]",,"{'Wednesday': '7AM–12AM', 'Thursday': '7AM–12AM', 'Friday': '7AM–12AM', 'Saturday': '7AM–12AM', 'Sunday': '7AM–12AM', 'Monday': '7AM–12AM', 'Tuesday': '7AM–12AM'}",,(916) 408-0230,,,,,,2020-07-22 19:17:22.737516
79,117520,Dollar Tree,S. Peachtree Pkwy. & Crosstown Dr.,Peachtree City,GA,30269,33.3774,-84.5626,Dollar Tree,"436 Crosstown Drive, Peachtree City, GA 30269",https://www.google.com/search?hl=en&q=dollar%2Btree+s.%2Bpeachtree%2Bpkwy.%2B%26%2Bcrosstown%2Bdr.&sourceid=chrome&ie=UTF-8,https://www.google.com/search?hl=en&q=dollar%2Btree+s.%2Bpeachtree%2Bpkwy.%2B%26%2Bcrosstown%2Bdr.&sourceid=chrome&ie=UTF-8,,https://www.dollartree.com/locations/ga/peachtree-city/1435/?utm_source=Google&amp;utm_medium=Maps&amp;utm_campaign=Google+Places,4.3,37,$,Dollar store,"Chain offering an eclectic mix of household items, beauty products, food & more at discount prices.","[[[6, [0, 0, 0, 0, 25, 50, 66, 79, 70, 50, 29, 29, 66, 37, 0, 0, 0, 0]], [6, [0, 0, 0, 29, 41, 54, 62, 58, 45, 33, 25, 41, 41, 8, 0, 0, 0, 0]], [6, [0, 0, 0, 33, 37, 29, 25, 37, 45, 33, 25, 50, 75, 45, 12, 0, 0, 0]], [6, [0, 0, 0, 12, 16, 20, 25, 25, 29, 33, 50, 70, 70, 45, 20, 0, 0, 0]], [6, [0, 0, 0, 37, 50, 54, 54, 54, 58, 50, 58, 91, 100, 66, 0, 0, 0, 0]], [6, [0, 0, 0, 41, 50, 45, 45, 50, 50, 41, 37, 50, 70, 54, 16, 0, 0, 0]], [6, [0, 0, 0, 37, 58, 54, 41, 50, 83, 100, 79, 75, 70, 37, 12, 0, 0, 0]]]]",,"{'Wednesday': '9AM–9PM', 'Thursday': '9AM–9PM', 'Friday': '9AM–9PM', 'Saturday': '9AM–9PM', 'Sunday': '10AM–8PM', 'Monday': '9AM–9PM', 'Tuesday': '9AM–9PM'}",,(770) 268-4083,,,,,,2020-07-22 19:17:24.612728
